{
	"web": {
		"auth_uri": "https://accounts.google.com/o/oauth2/auth",
		"client_secret": "z7yZUqfjpGYjFF2aRwD_Cv_3",
		"token_uri": "https://oauth2.googleapis.com/token",
		"client_email": "13140951618-15nik769cellkubaqnjk5facdib2dh4d@developer.gserviceaccount.com",
		"redirect_uris": ["https://localhost:5000/callback",
		"http://localhost:5000/callback"],
		"client_x509_cert_url": "https://www.googleapis.com/robot/v1/metadata/x509/13140951618-15nik769cellkubaqnjk5facdib2dh4d@developer.gserviceaccount.com",
		"client_id": "711740986920-oj4kiagqi5ufeqdn10eb0ebqfrda3mc7.apps.googleusercontent.com",
		"project_id": "map-api-1548397115456",
		"auth_provider_x509_cert_url": "https://www.googleapis.com/oauth2/v1/certs",
		"javascript_origins": ["http://localhost",
		"https://udacity-oauth.herokuapp.com",
		"http://udacity-oauth.herokuapp.com",
		"http://localhost:5000"]
	}
}